# {"t_start": 1587025166.5540118, "env_id": "TwoRooms-v0"} 
r,l,t
-5.0,50,3191.433547
