# {"t_start": 1587025167.5124485, "env_id": "TwoRooms-v0"} 
r,l,t
-5.0,50,3190.475111
