# {"t_start": 1587025168.080928, "env_id": "TwoRooms-v0"} 
r,l,t
-5.0,50,3189.907629
