# {"t_start": 1587025168.9067192, "env_id": "TwoRooms-v0"} 
r,l,t
-5.0,50,3189.081838
