# {"t_start": 1587025169.5120995, "env_id": "TwoRooms-v0"} 
r,l,t
-5.0,50,3188.476458
