# {"t_start": 1587025145.0435426, "env_id": "TwoRooms-v0"} 
r,l,t
-5.0,50,3212.94302
