# {"t_start": 1587025147.3892689, "env_id": "TwoRooms-v0"} 
r,l,t
-5.0,50,3210.597294
