# {"t_start": 1587025149.8885858, "env_id": "TwoRooms-v0"} 
r,l,t
-5.0,50,3208.098974
