# {"t_start": 1587025152.1684864, "env_id": "TwoRooms-v0"} 
r,l,t
-5.0,50,3205.819073
