# {"t_start": 1587025154.571061, "env_id": "TwoRooms-v0"} 
r,l,t
-5.0,50,3203.416498
