# {"t_start": 1587025156.3532941, "env_id": "TwoRooms-v0"} 
r,l,t
-5.0,50,3201.634265
