# {"t_start": 1587025158.5683696, "env_id": "TwoRooms-v0"} 
r,l,t
-5.0,50,3199.41919
