# {"t_start": 1587025161.5882933, "env_id": "TwoRooms-v0"} 
r,l,t
-5.0,50,3196.399266
