# {"t_start": 1587025163.4084249, "env_id": "TwoRooms-v0"} 
r,l,t
-5.0,50,3194.579134
