# {"t_start": 1587025164.5184562, "env_id": "TwoRooms-v0"} 
r,l,t
-5.0,50,3193.469103
