# {"t_start": 1587025165.379156, "env_id": "TwoRooms-v0"} 
r,l,t
-5.0,50,3192.608403
